sample,true_a,true_b,true_sum,target_result,linear_prediction,mlp64_prediction,mlp128_prediction
0,0,0,0,0,0,0,0
1,0,1,1,1,1,1,1
2,0,2,2,2,2,2,2
3,0,3,3,3,3,3,3
4,0,4,4,4,4,4,4
5,0,5,5,5,5,5,5
6,0,6,6,6,6,6,6
7,0,7,7,7,7,7,7
8,0,8,8,8,8,8,8
9,0,9,9,9,9,9,9
10,0,10,10,10,10,10,10
11,0,11,11,11,11,11,11
12,0,12,12,12,12,12,12
13,0,13,13,13,13,13,13
14,0,14,14,14,14,14,14
15,0,15,15,15,15,15,15
16,0,16,16,16,16,16,16
17,0,17,17,17,17,17,17
18,0,18,18,18,18,18,18
19,0,19,19,19,19,19,19
20,1,0,1,1,1,1,1
21,1,1,2,2,2,2,2
22,1,2,3,3,3,3,3
23,1,3,4,4,3,4,4
24,1,4,5,5,4,5,5
25,1,5,6,6,5,6,6
26,1,6,7,7,6,7,7
27,1,7,8,8,7,8,8
28,1,8,9,9,8,9,9
29,1,9,10,10,9,10,10
30,1,10,11,11,11,11,11
31,1,11,12,12,12,12,12
32,1,12,13,13,13,13,13
33,1,13,14,14,14,14,14
34,1,14,15,15,15,15,15
35,1,15,16,16,16,16,16
36,1,16,17,17,17,17,17
37,1,17,18,18,18,18,18
38,1,18,19,19,19,19,19
39,1,19,20,20,20,20,20
40,2,0,2,2,2,2,2
41,2,1,3,3,3,3,3
42,2,2,4,4,4,4,4
43,2,3,5,5,5,5,5
44,2,4,6,6,6,6,6
45,2,5,7,7,7,7,7
46,2,6,8,8,8,8,8
47,2,7,9,9,9,9,9
48,2,8,10,10,10,10,10
49,2,9,11,11,12,11,11
50,2,10,12,12,12,12,12
51,2,11,13,13,13,13,13
52,2,12,14,14,14,14,14
53,2,13,15,15,15,15,15
54,2,14,16,16,16,16,16
55,2,15,17,17,17,17,17
56,2,16,18,18,18,18,18
57,2,17,19,19,19,19,19
58,2,18,20,20,20,20,20
59,2,19,21,21,21,21,21
60,3,0,3,3,3,3,3
61,3,1,4,4,3,4,4
62,3,2,5,5,5,5,5
63,3,3,6,6,6,6,6
64,3,4,7,7,7,7,7
65,3,5,8,8,8,8,8
66,3,6,9,9,9,9,9
67,3,7,10,10,10,10,10
68,3,8,11,11,11,11,11
69,3,9,12,12,12,12,12
70,3,10,13,13,13,13,13
71,3,11,14,14,14,14,14
72,3,12,15,15,15,15,15
73,3,13,16,16,16,16,16
74,3,14,17,17,17,17,17
75,3,15,18,18,18,18,18
76,3,16,19,19,19,19,19
77,3,17,20,20,20,20,20
78,3,18,21,21,21,21,21
79,3,19,22,22,22,22,22
80,4,0,4,4,4,4,4
81,4,1,5,5,4,5,5
82,4,2,6,6,6,6,6
83,4,3,7,7,7,7,7
84,4,4,8,8,8,8,8
85,4,5,9,9,9,9,9
86,4,6,10,10,10,10,10
87,4,7,11,11,11,11,11
88,4,8,12,12,12,12,12
89,4,9,13,13,13,13,13
90,4,10,14,14,14,14,14
91,4,11,15,15,15,15,15
92,4,12,16,16,16,16,16
93,4,13,17,17,17,17,17
94,4,14,18,18,18,18,18
95,4,15,19,19,19,19,19
96,4,16,20,20,20,20,20
97,4,17,21,21,21,21,21
98,4,18,22,22,22,22,22
99,4,19,23,23,23,23,23
100,5,0,5,5,5,5,5
101,5,1,6,6,5,6,6
102,5,2,7,7,7,7,7
103,5,3,8,8,8,8,8
104,5,4,9,9,9,9,9
105,5,5,10,10,10,10,10
106,5,6,11,11,11,11,11
107,5,7,12,12,12,12,12
108,5,8,13,13,13,13,13
109,5,9,14,14,14,14,14
110,5,10,15,15,15,15,15
111,5,11,16,16,16,16,16
112,5,12,17,17,17,17,17
113,5,13,18,18,18,18,18
114,5,14,19,19,19,19,19
115,5,15,20,20,20,20,20
116,5,16,21,21,21,21,21
117,5,17,22,22,22,22,22
118,5,18,23,23,23,23,23
119,5,19,24,24,24,24,24
120,6,0,6,6,6,6,6
121,6,1,7,7,6,7,7
122,6,2,8,8,8,8,8
123,6,3,9,9,9,9,9
124,6,4,10,10,10,10,10
125,6,5,11,11,11,11,11
126,6,6,12,12,12,12,12
127,6,7,13,13,13,13,13
128,6,8,14,14,14,14,14
129,6,9,15,15,15,15,15
130,6,10,16,16,16,16,16
131,6,11,17,17,17,17,17
132,6,12,18,18,18,18,18
133,6,13,19,19,19,19,19
134,6,14,20,20,20,20,20
135,6,15,21,21,21,21,21
136,6,16,22,22,22,22,22
137,6,17,23,23,23,23,23
138,6,18,24,24,24,24,24
139,6,19,25,25,25,25,25
140,7,0,7,7,7,7,7
141,7,1,8,8,7,8,8
142,7,2,9,9,9,9,9
143,7,3,10,10,10,10,10
144,7,4,11,11,11,11,11
145,7,5,12,12,12,12,12
146,7,6,13,13,13,13,13
147,7,7,14,14,14,14,14
148,7,8,15,15,15,15,15
149,7,9,16,16,16,16,16
150,7,10,17,17,17,17,17
151,7,11,18,18,18,18,18
152,7,12,19,19,19,19,19
153,7,13,20,20,20,20,20
154,7,14,21,21,21,21,21
155,7,15,22,22,22,22,22
156,7,16,23,23,23,23,23
157,7,17,24,24,24,24,24
158,7,18,25,25,25,25,25
159,7,19,26,26,26,26,26
160,8,0,8,8,8,8,8
161,8,1,9,9,8,9,9
162,8,2,10,10,10,10,10
163,8,3,11,11,11,11,11
164,8,4,12,12,12,12,12
165,8,5,13,13,13,13,13
166,8,6,14,14,14,14,14
167,8,7,15,15,15,15,15
168,8,8,16,16,16,16,16
169,8,9,17,17,17,17,17
170,8,10,18,18,18,18,18
171,8,11,19,19,19,19,19
172,8,12,20,20,20,20,20
173,8,13,21,21,21,21,21
174,8,14,22,22,22,22,22
175,8,15,23,23,23,23,23
176,8,16,24,24,24,24,24
177,8,17,25,25,25,25,25
178,8,18,26,26,26,26,26
179,8,19,27,27,27,27,27
180,9,0,9,9,9,9,9
181,9,1,10,10,9,10,10
182,9,2,11,11,12,11,11
183,9,3,12,12,12,12,12
184,9,4,13,13,13,13,13
185,9,5,14,14,14,14,14
186,9,6,15,15,15,15,15
187,9,7,16,16,16,16,16
188,9,8,17,17,17,17,17
189,9,9,18,18,18,18,18
190,9,10,19,19,19,19,19
191,9,11,20,20,20,20,20
192,9,12,21,21,21,21,21
193,9,13,22,22,22,22,22
194,9,14,23,23,23,23,23
195,9,15,24,24,24,24,24
196,9,16,25,25,25,25,25
197,9,17,26,26,26,26,26
198,9,18,27,27,27,27,27
199,9,19,28,28,28,28,28
200,10,0,10,10,10,10,10
201,10,1,11,11,11,11,11
202,10,2,12,12,12,12,12
203,10,3,13,13,13,13,13
204,10,4,14,14,14,14,14
205,10,5,15,15,15,15,15
206,10,6,16,16,16,16,16
207,10,7,17,17,17,17,17
208,10,8,18,18,18,18,18
209,10,9,19,19,19,19,19
210,10,10,20,20,20,20,20
211,10,11,21,21,21,21,21
212,10,12,22,22,22,22,22
213,10,13,23,23,23,23,23
214,10,14,24,24,24,24,24
215,10,15,25,25,25,25,25
216,10,16,26,26,26,26,26
217,10,17,27,27,26,27,27
218,10,18,28,28,29,28,28
219,10,19,29,29,29,29,29
220,11,0,11,11,11,11,11
221,11,1,12,12,12,12,12
222,11,2,13,13,13,13,13
223,11,3,14,14,14,14,14
224,11,4,15,15,15,15,15
225,11,5,16,16,16,16,16
226,11,6,17,17,17,17,17
227,11,7,18,18,18,18,18
228,11,8,19,19,19,19,19
229,11,9,20,20,20,20,20
230,11,10,21,21,21,21,21
231,11,11,22,22,22,22,22
232,11,12,23,23,23,23,23
233,11,13,24,24,24,24,24
234,11,14,25,25,25,25,25
235,11,15,26,26,26,26,26
236,11,16,27,27,27,27,27
237,11,17,28,28,28,28,28
238,11,18,29,29,30,29,29
239,11,19,30,30,30,30,30
240,12,0,12,12,12,12,12
241,12,1,13,13,13,13,13
242,12,2,14,14,14,14,14
243,12,3,15,15,15,15,15
244,12,4,16,16,16,16,16
245,12,5,17,17,17,17,17
246,12,6,18,18,18,18,18
247,12,7,19,19,19,19,19
248,12,8,20,20,20,20,20
249,12,9,21,21,21,21,21
250,12,10,22,22,22,22,22
251,12,11,23,23,23,23,23
252,12,12,24,24,24,24,24
253,12,13,25,25,25,25,25
254,12,14,26,26,26,26,26
255,12,15,27,27,27,27,27
256,12,16,28,28,28,28,28
257,12,17,29,29,29,29,29
258,12,18,30,30,31,30,30
259,12,19,31,31,31,31,31
260,13,0,13,13,13,13,13
261,13,1,14,14,14,14,14
262,13,2,15,15,15,15,15
263,13,3,16,16,16,16,16
264,13,4,17,17,17,17,17
265,13,5,18,18,18,18,18
266,13,6,19,19,19,19,19
267,13,7,20,20,20,20,20
268,13,8,21,21,21,21,21
269,13,9,22,22,22,22,22
270,13,10,23,23,23,23,23
271,13,11,24,24,24,24,24
272,13,12,25,25,25,25,25
273,13,13,26,26,26,26,26
274,13,14,27,27,27,27,27
275,13,15,28,28,28,28,28
276,13,16,29,29,29,29,29
277,13,17,30,30,30,30,30
278,13,18,31,31,32,31,31
279,13,19,32,32,32,32,32
280,14,0,14,14,14,14,14
281,14,1,15,15,15,15,15
282,14,2,16,16,16,16,16
283,14,3,17,17,17,17,17
284,14,4,18,18,18,18,18
285,14,5,19,19,19,19,19
286,14,6,20,20,20,20,20
287,14,7,21,21,21,21,21
288,14,8,22,22,22,22,22
289,14,9,23,23,23,23,23
290,14,10,24,24,24,24,24
291,14,11,25,25,25,25,25
292,14,12,26,26,26,26,26
293,14,13,27,27,27,27,27
294,14,14,28,28,28,28,28
295,14,15,29,29,29,29,29
296,14,16,30,30,30,30,30
297,14,17,31,31,31,31,31
298,14,18,32,32,33,32,32
299,14,19,33,33,33,33,33
300,15,0,15,15,15,15,15
301,15,1,16,16,16,16,16
302,15,2,17,17,17,17,17
303,15,3,18,18,18,18,18
304,15,4,19,19,19,19,19
305,15,5,20,20,20,20,20
306,15,6,21,21,21,21,21
307,15,7,22,22,22,22,22
308,15,8,23,23,23,23,23
309,15,9,24,24,24,24,24
310,15,10,25,25,25,25,25
311,15,11,26,26,26,26,26
312,15,12,27,27,27,27,27
313,15,13,28,28,28,28,28
314,15,14,29,29,29,29,29
315,15,15,30,30,30,30,30
316,15,16,31,31,31,31,31
317,15,17,32,32,32,32,32
318,15,18,33,33,34,33,33
319,15,19,34,34,34,34,34
320,16,0,16,16,16,16,16
321,16,1,17,17,17,17,17
322,16,2,18,18,18,18,18
323,16,3,19,19,19,19,19
324,16,4,20,20,20,20,20
325,16,5,21,21,21,21,21
326,16,6,22,22,22,22,22
327,16,7,23,23,23,23,23
328,16,8,24,24,24,24,24
329,16,9,25,25,25,25,25
330,16,10,26,26,26,26,26
331,16,11,27,27,27,27,27
332,16,12,28,28,28,28,28
333,16,13,29,29,29,29,29
334,16,14,30,30,30,30,30
335,16,15,31,31,31,31,31
336,16,16,32,32,32,32,32
337,16,17,33,33,33,33,33
338,16,18,34,34,35,34,34
339,16,19,35,35,35,35,35
340,17,0,17,17,17,17,17
341,17,1,18,18,18,18,18
342,17,2,19,19,19,19,19
343,17,3,20,20,20,20,20
344,17,4,21,21,21,21,21
345,17,5,22,22,22,22,22
346,17,6,23,23,23,23,23
347,17,7,24,24,24,24,24
348,17,8,25,25,25,25,25
349,17,9,26,26,26,26,26
350,17,10,27,27,27,27,27
351,17,11,28,28,28,28,28
352,17,12,29,29,29,29,29
353,17,13,30,30,30,30,30
354,17,14,31,31,31,31,31
355,17,15,32,32,32,32,32
356,17,16,33,33,33,33,33
357,17,17,34,34,34,34,34
358,17,18,35,35,35,35,35
359,17,19,36,36,36,36,36
360,18,0,18,18,18,18,18
361,18,1,19,19,19,19,19
362,18,2,20,20,20,20,20
363,18,3,21,21,21,21,21
364,18,4,22,22,22,22,22
365,18,5,23,23,23,23,23
366,18,6,24,24,24,24,24
367,18,7,25,25,25,25,25
368,18,8,26,26,26,26,26
369,18,9,27,27,27,27,27
370,18,10,28,28,29,28,28
371,18,11,29,29,30,29,29
372,18,12,30,30,31,30,30
373,18,13,31,31,32,31,31
374,18,14,32,32,32,32,32
375,18,15,33,33,34,33,33
376,18,16,34,34,35,34,34
377,18,17,35,35,35,35,35
378,18,18,36,36,36,36,36
379,18,19,37,37,37,37,37
380,19,0,19,19,19,19,19
381,19,1,20,20,20,20,20
382,19,2,21,21,21,21,21
383,19,3,22,22,22,22,22
384,19,4,23,23,23,23,23
385,19,5,24,24,24,24,24
386,19,6,25,25,25,25,25
387,19,7,26,26,26,26,26
388,19,8,27,27,27,27,27
389,19,9,28,28,28,28,28
390,19,10,29,29,29,29,29
391,19,11,30,30,30,30,30
392,19,12,31,31,31,31,31
393,19,13,32,32,32,32,32
394,19,14,33,33,33,33,33
395,19,15,34,34,34,34,34
396,19,16,35,35,35,35,35
397,19,17,36,36,36,36,36
398,19,18,37,37,37,37,37
399,19,19,38,38,38,38,38
